/*==============================================================*/
/* Table: CHUCVU                                                */
/*==============================================================*/
INSERT INTO CHUCVU(MACHUCVU,TENCHUCVU) VALUES('CV01','THỦ KHO')
INSERT INTO CHUCVU(MACHUCVU,TENCHUCVU) VALUES('CV02','BÁN HÀNG')
INSERT INTO CHUCVU(MACHUCVU,TENCHUCVU) VALUES('CV03','THỦ THƯ')
/*==============================================================*/
/* Table: KHOA                                                  */
/*==============================================================*/
INSERT INTO KHOA(MAKHOA, TENKHOA) VALUES('CNTT','CÔNG NGHỆ THÔNG TIN')
INSERT INTO KHOA(MAKHOA, TENKHOA) VALUES('KT','KẾ TOÁN')
INSERT INTO KHOA(MAKHOA, TENKHOA) VALUES('CNTP','CÔNG NGHỆ THỰC PHẨM')
/*==============================================================*/
/* Table: THELOAI                                               */
/*==============================================================*/
INSERT INTO THELOAI(MATHELOAI,TENTHELOAI) VALUES('TL01','KHOA HỌC')
INSERT INTO THELOAI(MATHELOAI,TENTHELOAI) VALUES('TL02','XÃ HỘI')
INSERT INTO THELOAI(MATHELOAI,TENTHELOAI) VALUES('TL03','VĂN HỌC')
/*==============================================================*/
/* Table: VITRI                                                 */
/*==============================================================*/
INSERT INTO VITRI(MAVITRI,VITRI) VALUES('R1','HÀNG 1')
INSERT INTO VITRI(MAVITRI,VITRI) VALUES('R2','HÀNG 2')
INSERT INTO VITRI(MAVITRI,VITRI) VALUES('C1','CỘT 1')
INSERT INTO VITRI(MAVITRI,VITRI) VALUES('C2','CỘT 2')
/*==============================================================*/
/* Table: NHAXB                                                 */
/*==============================================================*/
INSERT INTO NHAXB(MANXB,TENNXB,DC_NXB,DT_NXB) VALUES('NXB01','KIM ĐỒNG','TPHCM','028884455')
INSERT INTO NHAXB(MANXB,TENNXB,DC_NXB,DT_NXB) VALUES('NXB02','THANH NIÊN','TPHCM','028884455')
INSERT INTO NHAXB(MANXB,TENNXB,DC_NXB,DT_NXB) VALUES('NXB03','GIÁO DỤC','TPHCM','028884455')

/*==============================================================*/
/* Table: TACGIA                                                */
/*==============================================================*/
INSERT INTO TACGIA(MATACGIA,TENTACGIA,DTTACGIA,DCTACGIA) VALUES('TG01','VĂN ĐỨC','03844556','TPHCM')
INSERT INTO TACGIA(MATACGIA,TENTACGIA,DTTACGIA,DCTACGIA) VALUES('TG02','THÁI BẢO','03845665','TPHCM')
INSERT INTO TACGIA(MATACGIA,TENTACGIA,DTTACGIA,DCTACGIA) VALUES('TG03','THANH QUANG','03843556','TPHCM')
INSERT INTO TACGIA(MATACGIA,TENTACGIA,DTTACGIA,DCTACGIA) VALUES('TG04','HỮU HƯỚNG','03824596','TPHCM')
INSERT INTO TACGIA(MATACGIA,TENTACGIA,DTTACGIA,DCTACGIA) VALUES('TG05','MINH TÂM','03841586','TPHCM')
/*==============================================================*/
/* Table: TAIKHOAN                                              */
/*==============================================================*/
INSERT INTO TAIKHOAN(TENDANGNHAP,MADANGNHAP,LOAITAIKHOAN) VALUES('ADMIN','admin@gmail.com','ADMIN')
INSERT INTO TAIKHOAN(TENDANGNHAP,MADANGNHAP,LOAITAIKHOAN) VALUES('VANDUC','vanduc@gmail.com','1')
INSERT INTO TAIKHOAN(TENDANGNHAP,MADANGNHAP,LOAITAIKHOAN) VALUES('THAIBAO','thaibao@gmail.com','1')
INSERT INTO TAIKHOAN(TENDANGNHAP,MADANGNHAP,LOAITAIKHOAN) VALUES('HUONG','huong@gmail.com','2')
INSERT INTO TAIKHOAN(TENDANGNHAP,MADANGNHAP,LOAITAIKHOAN) VALUES('MINHTAM','minhtam@gmail.com','2')
INSERT INTO TAIKHOAN(TENDANGNHAP,MADANGNHAP,LOAITAIKHOAN) VALUES('QUANG','quang@gmail.com','3')

/*==============================================================*/
/* Table: THANHVIEN                                             */
/*==============================================================*/
INSERT INTO THANHVIEN(MATV,TENDANGNHAP,LOAITV) VALUES('TV01','VANDUC','VIP')
INSERT INTO THANHVIEN(MATV,TENDANGNHAP,LOAITV) VALUES('TV02','THAIBAO','VIP')
INSERT INTO THANHVIEN(MATV,TENDANGNHAP,LOAITV) VALUES('TV03','HUONG','VIP')
INSERT INTO THANHVIEN(MATV,TENDANGNHAP,LOAITV) VALUES('TV04','MINHTAM','VIP')
INSERT INTO THANHVIEN(MATV,TENDANGNHAP,LOAITV) VALUES('TV05','QUANG','VIP')
/*==============================================================*/
/* Table: GIANGVIEN                                             */
/*==============================================================*/
INSERT INTO GIANGVIEN(MAGV,MAKHOA,MATV,TEN_GV,EMAIL_GV,DIACHI_GV,SDT_GV,GIOITINH_GV) 
	VALUES('GV01','CNTT','TV01','NGUYỄN THỊ BÍCH NGÂN','nganntb@cntp.edu.vn','TPHCM','0987878787','NỮ')
INSERT INTO GIANGVIEN(MAGV,MAKHOA,MATV,TEN_GV,EMAIL_GV,DIACHI_GV,SDT_GV,GIOITINH_GV) 
	VALUES('GV02','CNTT','TV02','VŨ VĂN VINH','vinhvv@cntp.edu.vn','TPHCM','0909909090','NAM')
INSERT INTO GIANGVIEN(MAGV,MAKHOA,MATV,TEN_GV,EMAIL_GV,DIACHI_GV,SDT_GV,GIOITINH_GV) 
	VALUES('GV03','CNTT','TV05','BÙI CÔNG DANH','danhbc@cntp.edu.vn','TPHCM','0989089089','NAM')
INSERT INTO GIANGVIEN(MAGV,MAKHOA,MATV,TEN_GV,EMAIL_GV,DIACHI_GV,SDT_GV,GIOITINH_GV) 
	VALUES('GV04','CNTP','TV03','LÂM THỊ HỌA MI','milth@cntp.edu.vn','TPHCM','0976789789','NỮ')
INSERT INTO GIANGVIEN(MAGV,MAKHOA,MATV,TEN_GV,EMAIL_GV,DIACHI_GV,SDT_GV,GIOITINH_GV) 
	VALUES('GV05','CNTP','TV04','DƯƠNG THỊ MỘNG THÙY','thuydtm@cntp.edu.vn','TPHCM','0987666999','NỮ')

/*==============================================================*/
/* Table: NHANVIEN                                              */
/*==============================================================*/
SET DATEFORMAT DMY
INSERT INTO NHANVIEN(MACHUCVU,MANV,TENDANGNHAP,TENNV,NGAYSINH,SOCMND,DIACHITHUONGTRU,SODT,EMAIL) 
	VALUES('CV01','NV01','QUANG','NGUYỄN THANH QUANG','01/01/1997','298987876','QUẬN 1','0987909909','THANHQUANG@GMAIL.COM')
INSERT INTO NHANVIEN(MACHUCVU,MANV,TENDANGNHAP,TENNV,NGAYSINH,SOCMND,DIACHITHUONGTRU,SODT,EMAIL) 
	VALUES('CV02','NV02','VANDUC','TRẦN LÊ VĂN ĐỨC','11/11/1997','298234234','QUẬN 3','0909789799','VANDUC@GMAIL.COM')
INSERT INTO NHANVIEN(MACHUCVU,MANV,TENDANGNHAP,TENNV,NGAYSINH,SOCMND,DIACHITHUONGTRU,SODT,EMAIL) 
	VALUES('CV03','NV03','THAIBAO','NGUYỄN THÁI BẢO','12/12/1997','278234823','QUẬN 5','0967678678','THAIBAO@GMAIL.COM')
INSERT INTO NHANVIEN(MACHUCVU,MANV,TENDANGNHAP,TENNV,NGAYSINH,SOCMND,DIACHITHUONGTRU,SODT,EMAIL) 
	VALUES('CV02','NV04','MINHTAM','VÕ MINH TÂM','10/10/1997','290234112','QUẬN 7','0912123123','MINHTAM@GMAIL.COM')
INSERT INTO NHANVIEN(MACHUCVU,MANV,TENDANGNHAP,TENNV,NGAYSINH,SOCMND,DIACHITHUONGTRU,SODT,EMAIL) 
	VALUES('CV02','NV05','HUONG','NGUYỄN HỮU HƯỚNG','09/09/1997','234534923','QUẬN 10','0934567899','NGUYENHUONG@GMAIL.COM')

/*==============================================================*/
/* Table: SACH                                                  */
/*==============================================================*/
SET DATEFORMAT DMY
INSERT INTO SACH(MASACH,MATHELOAI,MATACGIA,MANXB,MAVITRI, TENSACH, NAMXB,HINHANHSACH,MOTA,KEY,NGAYNHAP) 
	VALUES('S001','TL01','TG01','NXB01','C1','CÔNG NGHỆ WEB','2017','','','','22/10/2018')
INSERT INTO SACH(MASACH,MATHELOAI,MATACGIA,MANXB,MAVITRI, TENSACH, NAMXB,HINHANHSACH,MOTA,KEY,NGAYNHAP) 
	VALUES('S002','TL02','TG02','NXB03','C2','CÔNG NGHỆ PHẦN MỀM','2017','','','','24/10/2018')
INSERT INTO SACH(MASACH,MATHELOAI,MATACGIA,MANXB,MAVITRI, TENSACH, NAMXB,HINHANHSACH,MOTA,KEY,NGAYNHAP) 
	VALUES('S003','TL03','TG03','NXB02','H1','LẬP TRÌNH WINDOWS','2017','','','','23/10/2018')
INSERT INTO SACH(MASACH,MATHELOAI,MATACGIA,MANXB,MAVITRI, TENSACH, NAMXB,HINHANHSACH,MOTA,KEY,NGAYNHAP) 
	VALUES('S004','TL02','TG04','NXB01','H2','LẬP TRÌNH DI ĐỘNG','2017','','','','21/10/2018')
INSERT INTO SACH(MASACH,MATHELOAI,MATACGIA,MANXB,MAVITRI, TENSACH, NAMXB,HINHANHSACH,MOTA,KEY,NGAYNHAP) 
	VALUES('S005','TL01','TG05','NXB03','C1','QUẢN LÝ DỰ ÁN PHẦN MỀM','2017','','','','20/10/2018')

/*==============================================================*/
/* Table: DATONLINE                                             */
/*==============================================================*/
INSERT INTO DATONLINE(MADATONLINE, MATV, MASACH, GIOHETHAN) 
	VALUES('DO01','TV01','S001','22/10/2018')
INSERT INTO DATONLINE(MADATONLINE, MATV, MASACH, GIOHETHAN) 
	VALUES('DO02','TV02','S002','24/10/2018')
INSERT INTO DATONLINE(MADATONLINE, MATV, MASACH, GIOHETHAN) 
	VALUES('DO03','TV03','S005','20/10/2018')
INSERT INTO DATONLINE(MADATONLINE, MATV, MASACH, GIOHETHAN) 
	VALUES('D004','TV02','S003','23/10/2018')
INSERT INTO DATONLINE(MADATONLINE, MATV, MASACH, GIOHETHAN) 
	VALUES('DO05','TV04','S004','21/10/2018')
/*==============================================================*/
/* Table: PHIEUNHAP                                             */
/*==============================================================*/
SET DATEFORMAT DMY
INSERT INTO PHIEUNHAP(MAPHIEUNHAP, MANV, NGAYNHAP, TIENNHAP) 
	VALUES('PN01','NV01','22/10/2018','1000000')
INSERT INTO PHIEUNHAP(MAPHIEUNHAP, MANV, NGAYNHAP, TIENNHAP) 
	VALUES('PN02','NV02','23/10/2018','3000000')
INSERT INTO PHIEUNHAP(MAPHIEUNHAP, MANV, NGAYNHAP, TIENNHAP)
	VALUES('PN03','NV03','24/10/2018','6000000')
INSERT INTO PHIEUNHAP(MAPHIEUNHAP, MANV, NGAYNHAP, TIENNHAP) 
	VALUES('PN04','NV04','25/10/2018','8000000')
INSERT INTO PHIEUNHAP(MAPHIEUNHAP, MANV, NGAYNHAP, TIENNHAP) 
	VALUES('PN05','NV05','22/10/2018','9000000')
/*==============================================================*/
/* Table: CT_PHIEUNHAP                                          */
/*==============================================================*/
INSERT INTO CT_PHIEUNHAP(MAPHIEUNHAP, MANXB) VALUES('PN01','NXB01')
INSERT INTO CT_PHIEUNHAP(MAPHIEUNHAP, MANXB) VALUES('PN02','NXB02')
INSERT INTO CT_PHIEUNHAP(MAPHIEUNHAP, MANXB) VALUES('PN03','NXB03')
INSERT INTO CT_PHIEUNHAP(MAPHIEUNHAP, MANXB) VALUES('PN04','NXB02')
INSERT INTO CT_PHIEUNHAP(MAPHIEUNHAP, MANXB) VALUES('PN05','NXB03')
/*==============================================================*/
/* Table: PHIEUMUONTRA                                          */
/*==============================================================*/
SET DATEFORMAT DMY
INSERT INTO PHIEUMUONTRA(MAPHIEUMUON, MATV, MANV, NGAYMUON,NGAYDUKIENTRA, LOAIMUON, SOLUONGSACHMUON, PHIMUON, PHICOC) 
	VALUES('PMT01','TV01','NV01','22/10/2018','24/10/2018','VỀ NHÀ','2','100000','200000')
INSERT INTO PHIEUMUONTRA(MAPHIEUMUON, MATV, MANV, NGAYMUON,NGAYDUKIENTRA, LOAIMUON, SOLUONGSACHMUON, PHIMUON, PHICOC) 
	VALUES('PMT02','TV02','NV03','21/10/2018','23/10/2018','VỀ NHÀ','3','100000','200000')
INSERT INTO PHIEUMUONTRA(MAPHIEUMUON, MATV, MANV, NGAYMUON,NGAYDUKIENTRA, LOAIMUON, SOLUONGSACHMUON, PHIMUON, PHICOC) 
	VALUES('PMT03','TV03','NV02','22/10/2018','22/10/2018','TẠI CHỖ','1','0','100000')
INSERT INTO PHIEUMUONTRA(MAPHIEUMUON, MATV, MANV, NGAYMUON,NGAYDUKIENTRA, LOAIMUON, SOLUONGSACHMUON, PHIMUON, PHICOC) 
	VALUES('PMT04','TV02','NV01','22/10/2018','22/10/2018','TẠI CHỖ','1','0','100000')
INSERT INTO PHIEUMUONTRA(MAPHIEUMUON, MATV, MANV, NGAYMUON,NGAYDUKIENTRA, LOAIMUON, SOLUONGSACHMUON, PHIMUON, PHICOC) 
	VALUES('PMT05','TV01','NV03','21/10/2018','28/10/2018','VỀ NHÀ','2','100000','200000')
/*==============================================================*/
/* Table: CT_PHIEUMUON                                          */
/*==============================================================*/
INSERT INTO CT_PHIEUMUON(MASACH,MAPHIEUMUON) VALUES('S001','PMT01')
INSERT INTO CT_PHIEUMUON(MASACH,MAPHIEUMUON) VALUES('S002','PMT04')
INSERT INTO CT_PHIEUMUON(MASACH,MAPHIEUMUON) VALUES('S003','PMT05')
INSERT INTO CT_PHIEUMUON(MASACH,MAPHIEUMUON) VALUES('S002','PMT02')
INSERT INTO CT_PHIEUMUON(MASACH,MAPHIEUMUON) VALUES('S001','PMT03')

/*==============================================================*/
/* Table: SINHVIEN                                              */
/*==============================================================*/
SET DATEFORMAT DMY
INSERT INTO SINHVIEN(MASINHVIEN,MAKHOA,MATV,TENSINHVIEN,NGAYSINH_SV,SOCMND_SV,EMAIL_SV,DIACHI_SV,SDT_SV,NAMVAOTRUONG)
	 VALUES('SV01','CNTT','TV01','LA HOÀNG TÚ','01/01/1997','321443543','HOANGTU@GMAIL.COM','BẾN TRE','01682342112','')
INSERT INTO SINHVIEN(MASINHVIEN,MAKHOA,MATV,TENSINHVIEN,NGAYSINH_SV,SOCMND_SV,EMAIL_SV,DIACHI_SV,SDT_SV,NAMVAOTRUONG)
	 VALUES('SV02','CNTT','TV02','PHẠM THỊ HIỀN','12/12/1997','244546432','PHAMHIEN@GMAIL.COM','BÌNH DƯƠNG','01692287321','')
INSERT INTO SINHVIEN(MASINHVIEN,MAKHOA,MATV,TENSINHVIEN,NGAYSINH_SV,SOCMND_SV,EMAIL_SV,DIACHI_SV,SDT_SV,NAMVAOTRUONG)
	 VALUES('SV03','CNTT','TV03','VÕ THỊ KIM NGÂN','08/08/1997','234576787','KIMNGAN@GMAIL.COM','TIỀN GIANG','0987009009','')
INSERT INTO SINHVIEN(MASINHVIEN,MAKHOA,MATV,TENSINHVIEN,NGAYSINH_SV,SOCMND_SV,EMAIL_SV,DIACHI_SV,SDT_SV,NAMVAOTRUONG)
	 VALUES('SV04','CNTP','TV05','ĐOÀN THỊ THANH MAI','09/09/1996','125434534','THANHMAI@GMAIL.COM','TPHCM','0912213123','')
INSERT INTO SINHVIEN(MASINHVIEN,MAKHOA,MATV,TENSINHVIEN,NGAYSINH_SV,SOCMND_SV,EMAIL_SV,DIACHI_SV,SDT_SV,NAMVAOTRUONG)
	 VALUES('SV05','CNTP','TV04','NGUYỄN VĂN VINH','07/07/1997','234354356','VANVINH@GMAIL.COM','ĐỒNG NAI','0988776655','')
/*==============================================================*/
/* Table: BIENBANVIPHAM                                         */
/*==============================================================*/
SET DATEFORMAT DMY
INSERT INTO BIENBANVIPHAM(MAVIPHAM,MATV,MANV,MOTAVIPHAM,HUONGXULY,GHICHU_VP,NGAYTHUCTHI,NGAYKETTHUC)
	 VALUES('BB01','TV01','NV01','MƯỢN SÁCH KHÔNG TRẢ','CẤM MƯỢN SÁCH 1 TUẦN','','24/10/2018','31/10/2018')
INSERT INTO BIENBANVIPHAM(MAVIPHAM,MATV,MANV,MOTAVIPHAM,HUONGXULY,GHICHU_VP,NGAYTHUCTHI,NGAYKETTHUC)
	 VALUES('BB02','TV02','NV03','LÀM HƯ HỎNG SÁCH','BỒI THƯỜNG ĐÚNG GIÁ SÁCH','','23/10/2018','23/10/2018')
INSERT INTO BIENBANVIPHAM(MAVIPHAM,MATV,MANV,MOTAVIPHAM,HUONGXULY,GHICHU_VP,NGAYTHUCTHI,NGAYKETTHUC)
	 VALUES('BB03','TV03','NV02','TRẢ SÁCH QUÁ HẠN','CẤM MƯỢN SÁCH 3 NGÀY','','23/10/2018','26/10/2018')